Câu hỏi,Câu trả lời
"KẾT TẬP TAM TẠNG PĀḶI LẦN THỨ NHẤT
","Ngài Đại Trưởng Lão Mahākassapa tổ chức kỳ kết tập Tam Tạng và Chú giải Pāḷi lần thứ nhất, sau khi Đức Phật tịch diệt Niết Bàn được 3 tháng 4 ngày (nhằm vào ngày mùng 4 tháng 7 âm lịch, trong mùa an cư nhập hạ) tại động Sattapaṇṇi gần thành Rājagaha xứ Māgaddha.

Kỳ kết tập Tam Tạng và Chú giải này gồm có 500 vị Thánh Arahán có đầy đủ trí tuệ phân tích, lục thông... đặc biệt thông thuộc Tam Tạng và Chú giải Pāḷi, Ngài Đại Trưởng Lão Mahākassapa chủ trì Đại hội, chất vấn Ngài Đại đức Upāli về Tạng Luật và chất vấn Ngài Đại đức Ānanda về Tạng Kinh và Tạng Vi Diệu Pháp. Kỳ kết tập Tam Tạng và Chú giải được thực hiện suốt 7 tháng mới hoàn thành xong trọn bộ Tam Tạng và Chú giải.

Kỳ kết tập Tam Tạng và Chú giải Pāḷi lần này bằng cách truyền khẩu (mukhapāṭha) chưa ghi chép bằng chữ viết.

Đức vua Ajātasattu xứ Māgaddha là người hộ độ chư Thánh Arahán trong kỳ kết tập Tam Tạng và Chú giải Pāḷi này.

Phân chia phận sự duy trì Tam Tạng, Ngũ Bộ

Sau khi kết tập Tam Tạng và Chú giải xong, chư Thánh Arahán phân công mỗi vị có bổn phận giữ gìn duy trì Tam Tạng và Chú giải như sau:

Về Tạng Luật (Vinayapiṭakapāḷi) thuộc về phận sự của Ngài Đại đức Upāli. Ngài có trách nhiệm dạy Tạng Luật và Chú giải đến nhóm đệ tử, giữ gìn duy trì Tạng Luật này.

Khi Đức Phật còn tại thế, Đức Phật đã từng tuyên dương Ngài Đại đức Upāli là bậc Thánh Thanh Văn xuất sắc nhất về trì luật trong các hàng Thanh Văn đệ tử.

Về Trường Bộ Kinh (Dīghanikāyapāḷi) thuộc về phận sự của Ngài Đại đức Ānanda. Ngài có trách nhiệm dạy Trường Bộ Kinh đến nhóm đệ tử, giữ gìn duy trì Trường Bộ Kinh này.

Về Trung Bộ Kinh (Majjhimanikāyapāḷi) thuộc về phận sự của nhóm đệ tử của Ngài Đại đức Sāriputta, các vị này có trách nhiệm dạy Trung Bộ Kinh đến nhóm đệ tử, giữ gìn duy trì Trung Bộ Kinh này.

Về Đồng Loại Bộ Kinh (Samyuttanikāyapāḷi) thuộc về phận sự của Ngài Đại Trưởng Lão Mahākassapa. Ngài có trách nhiệm dạy Đồng Loại Bộ Kinh đến nhóm đệ tử, giữ gìn duy trì Đồng Loại Bộ Kinh này.

Về Tiểu Bộ Kinh (Khuddakanikāyapāḷi), thuộc về phận sự chung của 500 chư Thánh Arahán. Quý Ngài có trách nhiệm dạy Tiểu Bộ Kinh đến các nhóm đệ tử, giữ gìn duy trì Tiểu Bộ Kinh này.

Về Tạng Vi Diệu Pháp (Abhidhammapiṭakapāḷi), gồm có 7 bộ lớn thuộc phận sự chung của 500 chư Thánh Arahán. Quý Ngài có trách nhiệm dạy Tạng Vi Diệu Pháp đến các nhóm đệ tử, giữ gìn duy trì Tạng Vi Diệu Pháp này."
"KẾT TẬP TAM TẠNG PĀḶI LẦN THỨ NHÌ

","Giáo pháp của Đức Phật được giữ gìn duy trì đúng theo Chánh Pháp trải qua được 100 năm, thì có nhóm Tỳ khưu Vajjīputta xứ Vesāli đặt ra 10 điều không hợp với pháp luật của Đức Phật là:

1- Kappati siṅgiloṇakappo: Tỳ khưu cất giữ muối trong ống bằng sừng với tác ý rằng: để làm đồ gia vị thức ăn ngày hôm sau, cũng được.

2- Kappati dvaṅgulakappo: Tỳ khưu thọ thực quá ngọ, mặt trời ngả qua hai lóng tay, cũng được.

3- Kappati gāmantarakappo: Tỳ khưu đã ngăn cản vật thực rồi tự nghĩ rằng: bây giờ ta đi vào xóm để dùng vật thực nữa, mà không cần làm đúng theo Luật, cũng được.

4- Kappati āvasakappa: Trong cùng Mahāsīmā, có nhiều nhóm riêng rẽ hành uposathakamma, cũng được.

5- Kappati anumatikappa: Chư Tăng trong nhóm hành tăng sự nghĩ rằng: Sẽ cho phép Tỳ khưu đến sau, cũng được.

6- Kappati ācinnakappa: Tỳ khưu hành theo pháp mà Thầy Tổ của mình thường thực hành, cũng được.

7- Kappati amathitakappa: Tỳ khưu đã ngăn cản vật thực rồi, dùng sữa tươi đã biến chất, chưa biến thành sữa chua, cũng được.

8- Kappati jaḷogiṃ pātuṃ: Tỳ khưu uống rượu nhẹ chưa thành chất say, cũng được.

9- Kappati adasakaṃ nisīdanaṃ: Tỳ khưu dùng tọa cụ không có đường lai, cũng được.

10- Kappati jātarūparajataṃ: Tỳ khưu thọ nhận vàng bạc, cũng được.

Đó là 10 điều do nhóm Tỳ khưu Vajjīputta đề xướng không đúng theo Chánh Pháp của Đức Phật.

Đại Trưởng Lão Yassa Kākaṇḍakaputta (Mahā yassa), nghe tin nhóm Tỳ khưu Vajji xứ Vesāli đặt ra 10 điều như vậy, Ngài liền đến tận nơi hội họp chư Tỳ khưu Tăng giải thích để cho họ hiểu rõ, đó là 10 điều sai trái, không hợp với luật pháp của Đức Phật.

Đây cũng là nguyên nhân khiến Đại Trưởng Lão Yassa Kākaṇḍakaputta triệu tập kỳ kết tập Tam Tạng lần thứ nhì tại ngôi chùa Vālikārama, gần thành Vesāli khoảng 100 năm sau khi Đức Phật tịch diệt Niết Bàn.

Kỳ kết tập Tam Tạng lần thứ nhì này gồm có 700 bậc Thánh Arahán có đầy đủ Tứ Tuệ Phân Tích, Lục thông, thông thuộc Tam Tạng, Chú giải... do Ngài Đại Trưởng Lão Yassa Kākaṇḍakaputta làm chủ trì, Ngài Đại Trưởng Lão Revata vấn, Ngài Đại Trưởng Lão Sabbakāmi giải đáp... Công cuộc kết tập được thực hiện trong suốt thời gian 8 tháng mới hoàn thành xong trọn bô Tam Tạng và Chú giải, hoàn toàn y theo bổn chánh của kỳ kết tập Tam Tạng lần thứ nhất.

Kỳ kết tập Tam Tạng lần này cũng bằng khẩu truyền (mukhapātha, chưa ghi chép bằng chữ viết).

Đức vua Kālāsoka xứ Vesāli hộ độ kỳ kết tập Tam Tạng và Chú giải lần này.

Giáo pháp của Đức Phật một lần nữa được giữ gìn duy trì đúng theo chánh pháp. Tất cả chư Tỳ khưu thực hành nghiêm chỉnh giới luật, làm cho những người chưa có đức tin nơi Tam Bảo, lại phát sinh đức tin, những người nào đã có đức tin trong sạch nơi Tam Bảo rồi, đức tin càng tăng trưởng."
"KẾT TẬP TAM TẠNG PĀḶI LẦN THỨ BA
","Sau kỳ kết tập Tam Tạng lần thứ nhì, Phật giáo càng ngày càng phát triển, chư Tỳ khưu, Tỳ khưu ni càng đông, cận sự nam, cận sự nữ có đức tin trong sạch nơi Tam Bảo càng nhiều, họ làm phước hộ độ cúng dường 4 thứ vật dụng đến chư Tỳ khưu rất đầy đủ, nhất là vào thời kỳ Đức vua Dhammāsoka (Asoka). Đức vua là Bậc Minh Quân, trị vì toàn cõi Nam Thiện Bộ Châu, có đức tin trong sạch trong Phật giáo, hộ độ cúng dường 4 thứ vật dụng đến chư Tỳ khưu rất đầy đủ, sung túc. Ngược lại, các nhóm tu sĩ ngoại đạo thì đời sống thiếu thốn khổ cực. Do đó, một số tu sĩ ngoại đạo xâm nhập vào sống chung với chư Tỳ khưu, về mặt hình thức thì giống Tỳ khưu, nhưng về mặt nội tâm vẫn giữ nguyên tà kiến cố hữu của mình không hề thay đổi.

Vì vậy, Tỳ khưu thật chánh kiến và Tỳ khưu giả tà kiến sống chung không thể hành tăng sự được, tình trạng này kéo dài suốt 7 năm. Chư Tỳ khưu trình sự việc này lên Đức vua Dhammāsoka (Asoka) và nhờ uy quyền của Đức vua để thanh lọc Tỳ khưu giả ngoại đạo tà kiến.

Đức vua Asoka là Đấng Minh Quân và cũng là một cận sự nam có đức tin trong sạch hộ trì Tam Bảo, Đức vua học giáo pháp của Đức Phật với Ngài Đại Trưởng Lão Moggaliputtatissa, nên hiểu rõ chánh kiến trong Phật giáo và các tà kiến của ngoại đạo. Đức vua thỉnh chư Tỳ khưu xét hỏi từng vị một, qua cuộc xét hỏi này đã loại bỏ ra được 60.000 Tỳ khưu giả có tà kiến ngoại đạo, Đức vua ban cho mỗi người một bộ đồ trắng, bắt buộc hoàn tục, trở thành người cư sĩ; còn lại tất cả Tỳ khưu thật có chánh kiến trong Phật giáo đoàn kết cùng nhau hành tăng sự trở lại.

Nhân dịp này, Ngài Đại Trưởng Lão Moggaliputtatissa đã đứng ra triệu tập kỳ kết tập Tam Tạng Pāḷi lần thứ ba.

Kỳ kết tập Tam Tạng lần thứ ba này được tổ chức tại chùa Asokārāma xứ Pāṭaliputta, khoảng thời gian 235 năm, sau khi Đức Phật tịch diệt Niết Bàn.

Kỳ tập Tam Tạng lần thứ ba này, gồm có 1.000 bậc Thánh Arahán đắc Tứ Tuệ Phân Tích, Lục thông, thông thuộc Tam Tạng, Chú giải... do Ngài Đại Trưởng Lão Moggali-puttatissa làm chủ trì, công cuộc kết tập được thực hiện trong suốt thời gian 9 tháng mới hoàn thành trọn bộ Tam Tạng và Chú giải hoàn toàn giống như bổn chánh của hai kỳ kết tập trước.

Kỳ kết tập Tam Tạng lần này cũng bằng khẩu truyền (Mukhapātha, chưa ghi chép bằng chữ viết).

Đức vua Asoka xứ Pāṭaliputta hộ độ kỳ kết tập Tam Tạng và Chú giải lần này."
KẾT TẬP TAM TẠNG PĀḶI LẦN THỨ TƯ,"Đức vua Asoka không những hộ trì Phật giáo được phát triển trong nước, mà còn gửi các phái đoàn chư Tăng sang các nước láng giềng khác, để truyền bá Phật giáo, như phái đoàn chư Tăng do Đại đức Mahinda dẫn đầu sang truyền bá Phật giáo ở đảo quốc Srilankā.

Trên đất nước Srilankā Phật giáo được thịnh hành và phát triển tốt, từ Đức vua cho đến quan quân và dân chúng đều có đức tin trong sạch nơi Tam Bảo, đã xuất gia trở thành Tỳ khưu và Tỳ khưu ni rất đông.

Một thời đất nước Srilankā gặp phải cuộc phiến loạn, dân chúng gặp cảnh thiếu thốn, nên đời sống của chư Tỳ khưu cũng chịu ảnh hưởng. Có số Tỳ khưu sức khỏe yếu kém, nên phận sự ôn lại Tam Tạng và Chú giải thuộc lòng rất vất vả. Khi cuộc phiến loạn đã dẹp xong, chư Đại đức suy xét về sau này, trí nhớ và trí tuệ con người càng ngày càng kém dần. Cho nên, chư Tỳ khưu học thuộc lòng Tam Tạng và Chú giải, để giữ gìn duy trì cho được đầy đủ không phải là việc dễ dàng.

Một hôm, Đức vua Vaṭṭagāmanī ngự đến chùa Mahāvihāra; nhân dịp ấy, chư Đại Trưởng Lão thưa với Đức vua rằng:

- Thưa Đại vương, từ xưa đến nay, chư Đại đức Tăng có phận sự học thuộc lòng Tam Tạng và Chú giải, để giữ gìn duy trì giáo pháp của Đức Phật. Trong tương lai, đàn hậu sinh là những Đại đức khó mà học thuộc lòng Tam Tạng và Chú giải một cách đầy đủ được. Như vậy, giáo pháp của Đức Thế Tôn sẽ bị mai một mau chóng theo thời gian.

Thưa Đại vương, muốn giữ gìn duy trì Tam Tạng, Chú giải được đầy đủ, vậy nên tổ chức kỳ kết tập Tam Tạng, Chú giải ghi chép bằng chữ viết trên lá buông, để lưu lại cho đời sau.

Đức vua Vaṭṭagāmanī hoan hỷ với lời của chư Đại Trưởng Lão.

Kỳ kết tập Tam Tạng lần thứ tư này được tổ chức tại động Ālokalena vùng Matula-janapada xứ Srilankā, khoảng thời gian 450 năm sau khi Đức Phật tịch diệt Niết Bàn.

Kỳ kết tâp Tam Tạng lần này gồm 1.000 bậc Thánh Arahán đắc Tứ Tuệ Phân Tích, do Ngài Đại Trưởng Lão Mahādhammarakkhita làm chủ trì, công cuộc kết tập được thực hiện suốt một năm mới hoàn tất việc ghi chép trọn bộ Tam Tạng, Chú giải bằng chữ viết trên lá buông. Sau đó, chư bậc Thánh Arahán kết tập Tam Tạng bằng cách khẩu truyền một lần nữa, hoàn toàn y theo bản chánh của ba kỳ kết tập Tam Tạng lần trước.

Kỳ kết tập Tam Tạng lần này là lần đầu tiên ghi chép bằng chữ viết trên lá buông đầy đủ bộ Tam Tạng và Chú giải, gọi là: “Potthakaropanasaṅgiti”.

Đức vua Vaṭṭagāmanī Abhaya xứ Srilankā hộ độ kỳ kết tập Tam Tạng và Chú giải lần này."
KẾT TẬP TAM TẠNG PĀḶI LẦN THỨ NĂM,"Dưới thời vua Asoka có gửi phái đoàn chư Tăng do Ngài Đại Trưởng Lão Soṇa và Ngài Đại Trưởng Uttara sang vùng Suvaṇṇa bhūmi gồm các nước: Indonesia, Myanmar, Thái Lan, Campuchia, Lào... để truyền bá Phật giáo. Phật giáo ở các nước trong vùng này trải qua bao cuộc thăng trầm, tùy theo vận mệnh của mỗi nước.

Đất nước Myanmar vào thời đại Vua Mindon đóng đô tại kinh thành Mandalay, Đức vua là người có đức tin trong sạch nơi Tam Bảo, nhiệt tâm hộ trì Tam Bảo, nghĩ rằng: “Phât giáo thường liên quan đến sự tồn vong của quốc gia, mỗi khi đất nước bị xâm lăng, kẻ thù thường đốt kinh sách Phật giáo”.

Đức vua muốn bảo tồn giáo pháp của Đức Phật, nên Người thỉnh chư Đại Trưởng Lão tổ chức cuộc kết tập Tam Tạng, khắc chữ trên những tấm bia đá, để giữ gìn duy trì Tam Tạng Pháp Bảo được lâu dài.

Chư Đại Trưởng Lão vô cùng hoan hỷ chấp thuận theo lời thỉnh cầu của Đức vua, tổ chức kỳ kết tập Tam Tạng lần thứ năm tại kinh thành Mandalay xứ Myanmar Phật lịch 2.404.

Kỳ kết tập Tam Tạng lần này gồm 2.400 vị Đại đức là những bậc uyên bác Tam Tạng và Chú giải, do Ngài Đại Trưởng Lão Bhaddanta Jāgara làm chủ trì; ngoài ra còn có những vị Đại đức rất xuất sắc như Ngài Bhaddanta Narindabhidhaja,... bắt đầu khởi công khắc Tam Tạng trên bia đá vào Phật lịch năm 2.404 cho đến Phật lịch 2.415, trải qua suốt 11 năm ròng rã, mới hoàn thành xong bộ Tam Tạng trên 729 tấm bia đá:

Tạng Luật gồm có 111 tấm.
Tạng Kinh gồm có 410 tấm.
Tạng Vi Diệu Pháp gồm có 208 tấm.

Sau khi khắc bộ Tam Tạng bằng chữ trên những tấm bia đá xong, chư Đại Trưởng Lão tổ chức cuộc kết tập Tam Tạng bằng khẩu truyền suốt 6 tháng mới hoàn thành xong bộ Tam Tạng y theo bổn chánh của bốn kỳ kết tập Tam Tạng trước. Gọi là: “Selakkharāropanasaṅgīti”.

Kỳ kết tập Tam Tạng này do Đức vua Mindon xứ Myanmar hộ độ.

Lần đầu tiên toàn bộ Tam Tạng được ghi khắc trên bia đá, những tấm bia đá này hiên nay vẫn còn nguyên vẹn ở kinh thành cổ Mandalay xứ Myanmar. Các nhà in kinh sách Phật giáo đều y cứ vào những tấm bia đá này làm nền tảng căn bản.

Về sau có Đạo sĩ Khanti đứng ra tổ chức khắc toàn bộ Chú giải trên những tấm bia đá, hiện nay vẫn còn nguyên vẹn tại Mandalay."
"KẾT TẬP TAM TẠNG PĀḶI LẦN THỨ SÁU
","Phật giáo đã trải qua thời gian khá lâu, Tam Tạng, Chú giải, Ṭīkā... đã in ra thành sách, việc sao đi chép lại, in đi in lại nhiều lần, khó mà tránh khỏi sự sai sót. Do đó, các bộ Tam Tạng, Chú giải... của mỗi nước có chỗ sai chữ dẫn đến sai nghĩa, làm cho pháp học Phật giáo không hoàn toàn giống y nguyên bổn chánh.

Chính phủ Myanmar thành lập hội Phật giáo có tên “Buddhasāsanasamiti” vào năm Phật lịch 2.497 để lo tổ chức kỳ kết tập Tam Tạng lần thứ sáu, tại động nhân tạo Lokasāma (Kaba Aye) thủ đô Yangon, Myanmar. Chính phủ thỉnh tất cả mọi bộ Tam Tạng, Chú giải hiện có trên các nước Phật giáo, để làm tài liệu đối chiếu từng chữ, từng câu của mỗi bổn.

Kỳ kết tập Tam Tạng lần thứ sáu này gồm 2.500 vị Đại đức thông hiểu Tam Tạng, Chú giải... rành rẽ về ngữ pháp Pāḷi, chia thành nhiều ban đối chiếu sửa chữa lại cho đúng. Công việc được thực hiện bắt đầu từ ngày rằm tháng tư Phật lịch năm 2.498 cho đến ngày rằm tháng tư Phật lịch năm 2.500, ròng rã suốt 2 năm mới hoàn thành xong bộ Tam Tạng, Chú giải, Ṭīkā....

Sau đó, chính phủ Myanmar thỉnh chư Đại đức kết tập Tam Tạng bằng khẩu, do Đại Trưởng Lão Revata chủ trì, Đại Trưởng Lão Sobhana vấn, Đại Trưởng Lão Vicittasā-rābhivaṃsa thông thuộc Tam Tạng trả lời theo Tam Tạng, Chú giải.

Trong buổi lễ này Chính phủ Myanmar, đứng đầu là Thủ tướng U Nu, tổ chức khánh thành kết tập Tam Tạng rất long trọng, có mời nguyên thủ Quốc gia của các nước Phật giáo cùng phái đoàn chư Tăng, cân sự nam, cận sự nữ gồm có 25 nước trên thế giới đến tham dự, để đánh dấu lịch sử Phật giáo đã trải qua một nửa tuổi thọ 2.500 năm, dưới sự bảo trợ hộ độ của Chính phủ Myanmar cùng Phật tử trong nước và các nước khác trên thế giới.

Bộ Tam Tạng, Chú giải được kết tập lần thứ sáu này được xem là mẫu mực cho các nước Phật giáo hệ phái Theravāda.

Để Phật giáo được trường tồn lâu dài trên thế gian này chừng nào, thì chúng sinh được hưởng sự lợi ích, sự tiến hóa, sự an lạc chừng ấy. Cho nên, chư Đại Trưởng Lão tiền bối đã dày công gìn giữ và duy trì pháp học Phật giáo từ thời kỳ Đức Phật còn tại thế, và sau khi Đức Phật đã tịch diệt Niết Bàn. Tất cả quý Ngài có phận sự bảo tồn trọn vẹn pháp học Phật giáo, nên đã tổ chức qua 6 kỳ kết tập Tam Tạng và Chú giải Pāḷi, không để cho rời rạc, thất lạc. Chư Đại Trưởng Lão đã cố gắng giữ gìn duy trì từ trước cho đến nay.

Công việc học Tam Tạng và Chú giải Pāḷi để bảo tồn trọn vẹn pháp học Phật giáo là bổn phận của mọi người Phật tử, là bậc xuất gia cũng như các hàng tại gia cư sĩ. Chữ Pāḷi là ngôn ngữ của Chư Phật, đối với chúng ta học Tam Tạng và Chú giải Pāḷi cần phải hiểu rõ ý nghĩa trực tiếp hoặc gián tiếp qua ngôn ngữ riêng của mình.

Tại nước Myanmar, công việc học Tam Tạng và Chú giải Pāḷi được phổ cập đến chư Sadi, chư Tỳ khưu. Hằng năm, bộ Tôn giáo Myanmar có tổ chức kỳ thi đọc thuộc lòng Tam Tạng bằng tiếng Pāḷi, và thi viết trả lời những câu hỏi về Tam Tạng và Chú giải Pāḷi."
xin chào,"Chào bạn tôi là GPT Phật, một mô hình ngôn ngữ lớn được GPT Phật đào tạo nhằm mục đích trả lời các câu hỏi về Phật Giáo tại Việt Nam. Tôi có thể giúp gì bạn hôm nay?"
bạn là ai,"Tôi là GPT Phật, một mô hình ngôn ngữ lớn được GPT Phật đào tạo nhằm mục đích trả lời các câu hỏi về Phật Giáo tại Việt Nam."
chào bạn,Chào bạn! Tôi là GPT Phật. Tôi được thiết kế để trả lời câu hỏi và hỗ trợ trong chủ đề về Phật Giáo. Hãy nói cho tôi biết làm thế nào tôi có thể giúp bạn ngày hôm nay!
xin chào bạn là ai?,Xin chào! Tôi là GPT Phật. Tôi được thiết kế để trả lời câu hỏi và hỗ trợ trong chủ đề về Phật Giáo. Hãy nói cho tôi biết làm thế nào tôi có thể giúp bạn ngày hôm nay!
Phật Giáo có tính khoa học không?,"Khoa học là tri thức được kết hợp thành hệ thống, qua các dữ kiện được quan sát và thực nghiệm và đề ra các định luật tổng quát của thiên nhiên. Cốt lõi của Phật Giáo phù hợp với định nghĩa đó, bởi vì Tứ Diệu Đế hay Bốn Sự Thật Thâm Diệu, có thể được thử nghiệm và minh chứng bởi bất kỳ người nào, và ngay chính Đức Phật cũng đã từng nói với các đệ tử rằng họ phải thực chứng các lời dạy của Ngài, mà không nên chỉ tin suông. Phật Giáo dựa nhiều trên trí tuệ, hơn là lòng tin."
Có phải các tôn giáo khác đều sai lầm?,"Phật Giáo là một hệ thống tín ngưỡng có tính bao dung đối với các tín ngưỡng hay tôn giáo khác. Phật Giáo chấp nhận các lời giảng đạo đức của các tôn giáo khác, nhưng Phật Giáo còn tiến xa hơn, bằng cách cung ứng một mục tiêu dài hạn trong sự hiện hữu của chúng ta, qua trí tuệ và sự hiểu biết thật sự. Phật Giáo chân chính thì rất bao dung, và không quan tâm chi đến các nhãn hiệu như là ""tín hữu Ky-tô giáo"", ""tín hữu Hồi giáo"", ""tín hữu Ấn-độ giáo"", hay ""Phật tử"". Vì vậy, trong lịch sử, không bao giờ có các cuộc thánh chiến mang danh Phật Giáo. Cũng vì thế mà những người Phật tử không đi truyền giảng hay cải đạo người khác; họ chỉ giảng giải nếu được ai hỏi đến."
Phật Giáo là gì?,"Phật Giáo là một tôn giáo có khoảng 300 triệu tín đồ trên khắp thế giới. Danh từ Phật Giáo (Buddhism) phát nguồn từ chữ ""buddhi"", có nghĩa ""giác ngộ"", ""thức tỉnh"". Phật Giáo phát nguồn từ hơn 2,500 năm trước, khi Ngài Siddhattha Gotama (Sĩ-đạt-ta Cồ-đàm), hay Đức Phật, tự mình giác ngộ vào lúc 35 tuổi."
Có phải Phật Giáo chỉ thuần là một tôn giáo?,"Đối với nhiều người, Phật Giáo không phải chỉ là một tôn giáo mà còn có thể xem như là một triết học, hay đúng hơn, đó là ""một lối sống"". Gọi Phật Giáo là một triết học, vì danh từ ""triết học - philosophy"" có nghĩa là ""sự yêu chuộng trí tuệ"", và con đường của đạo Phật có thể tóm tắt như sau:  
(1) sống có đạo đức, 
(2) nhận thức rõ ràng về mọi ý nghĩ và hành động, và 
(3) phát triển sự hiểu biết và trí tuệ."
Phật Giáo giúp tôi bằng cách nào?,"Phật Giáo giải thích mục đích của đời sống, giải thích hiện tượng bất công và bất bình đẳng trên thế gian, và cung ứng một phương cách thực hành hay một lối sống để đưa đến hạnh phúc thật sự."
Tại sao Phật Giáo trở nên phổ biến?,"Phật Giáo ngày càng phổ biến ở các nước Tây phương vì nhiều lý do. Thứ nhất là vì Phật Giáo có những giải đáp cho nhiều vấn đề trong các xã hội vật chất hiện đại. Tiếp đến, cho những ai có chú tâm, Phật Giáo cung ứng một sự thông hiểu sâu sắc về tâm trí con người và các cách trị liệu tự nhiên, mà các nhà tâm lý nổi tiếng trên thế giới đều công nhận là rất cao cấp và rất hiệu quả."
Đức Phật là ai?,"Ngài Siddhattha Gotama sinh ra vào năm 563 trước Tây Lịch, trong một hoàng tộc tại Lumbini, nay thuộc xứ Nepal. Vào năm 29 tuổi, Ngài nhận thức rằng tiện nghi vật chất và an ninh trong thế gian không bảo đảm hạnh phúc; vì thế, Ngài đi tìm học các lời dạy, tôn giáo và triết học thời đó, để tìm kiếm chìa khóa đưa đến hạnh phúc. Sau sáu năm học tập và hành thiền, Ngài tìm ra con đường ""Trung Đạo"" và giác ngộ. Sau khi chứng đắc, Ngài dùng quảng đời còn lại tại thế gian để truyền giảng các nguyên lý trong đạo Phật -- gọi là Pháp, hay Chân lý, cho đến khi Ngài nhập diệt vào năm 80 tuổi."
Có phải Đức Phật là Thượng Đế?,"Không, Ngài không là Thượng Đế, và Ngài cũng không tuyên bố như thế. Ngài là người giảng dạy con đường đưa đến giác ngộ, từ kinh nghiệm thực chứng của Ngài."
Phật tử có tôn thờ các thần tượng không?,"Những người Phật tử tỏ lòng tôn kính các hình ảnh của Đức Phật, nhưng không tôn thờ, cũng không van xin những điều lợi lạc. Một pho tượng Phật ngồi trong tư thế với hai tay dịu dàng đặt trên vế, với nụ cười từ bi, nhắc nhở chúng ta nỗ lực phát triển tình thương và an định nội tâm. Lễ lạy tượng Phật là để tỏ lòng biết ơn về các lời dạy của Ngài."
Tại sao nhiều quốc gia Phật Giáo lại nghèo như vậy?,"Không hẳn đúng như vậy. Nhật Bản là một quốc gia có truyền thống Phật Giáo sâu đậm và ngày nay cũng là một quốc gia có kinh tế giàu mạnh. Thái Lan, với Phật giáo là quốc giáo, cũng có một nền kinh tế tương đối vững mạnh và phát triển. Tuy nhiên, chúng ta cần biết rằng một trong các điều dạy của Phật Giáo là tài sản của cải không bảo đảm được hạnh phúc, và tài sản của cải cũng không bao giờ thường còn. Dân chúng trong bất kỳ quốc gia nào cũng chịu đau khổ, cho dù họ giàu sang hay nghèo nàn. Chỉ những người nào thông hiểu các lời dạy trong Phật Giáo thì mới có thể tìm được hạnh phúc thật sự."
Có phải có nhiều tông phái Phật Giáo không?,"Có nhiều tông phái trong Phật Giáo là vì có những khác biệt về văn hóa và truyền thống lịch sử của mỗi quốc gia. Tuy nhiên, căn bản của Phật Giáo vẫn không thay đổi, đó là Pháp hay Chân lý."
Đức Phật đã dạy những gì?,"Đức Phật đã giảng dạy rất nhiều đề tài, nhưng các điều căn bản trong Phật Giáo có thể tóm tắt trong Tứ Diệu Đế và Bát Chánh Đạo."
Diệu đế thứ nhất là gì?,"Khổ Đế, chân lý thâm diệu đầu tiên, nói rằng đời sống là đau khổ, nghĩa là phải chịu đau đớn thể xác, già nua, bệnh hoạn, rồi chết. Ta cũng phải chịu đau khổ về mặt tâm lý như cô đơn, phiền giận, bực bội, sợ hãi, bối rối, thất vọng, sân hận. Đây là một sự kiện hiển nhiên, không thể chối cãi. Đây là thực tế khách quan, không phải bi quan; vì bi quan là mong đợi những điều gì trở nên tệ hại. Mặt khác, Phật Giáo giải thích cách thức giải quyết các đau khổ đó và cách thức để có hạnh phúc thật sự."
Diệu đế thứ nhì là gì?,"Tập Đế, chân lý thâm diệu thứ nhì, dạy rằng tất cả mọi đau khổ đều do ái dục và tham thủ. Ta sẽ bị phiền khổ nếu ta mong đợi người khác phải tuân theo ý muốn của mình, phải làm giống như mình, nếu ta không được những gì mình muốn, v.v. Ngay cả khi ta muốn và được, điều này cũng không bảo đảm có hạnh phúc. Tâm khát khao ham muốn cướp đoạt của ta niềm vui được thỏa lòng và hạnh phúc. Thay vì kiên trì chiến đấu để thành đạt điều mong muốn, hãy cố gắng sửa đổi chính cái lòng ước muốn của mình."
Diệu đế thứ ba là gì?,"Diệt Đế, chân lý thâm diệu thứ ba, là có thể chấm dứt đau khổ và đạt được trạng thái thỏa lòng và hạnh phúc. Khi ta dứt bỏ ái dục, vốn là vô ích, và tập sống từng ngày, chúng ta bắt đầu sống an vui và tự do. Chúng ta sẽ có nhiều thì giờ và năng lực để giúp đỡ người khác. Trạng thái ấy được gọi là Niết Bàn."
Diệu đế thứ tư là gì?,"Đạo Đế, chân lý thâm diệu thứ tư, là con đường đưa đến chấm dứt đau khổ. Con đường này gọi là Bát Chánh Ðạo."
Bát Chánh Đạo là gì?,"Đó là con đường gồm 8 yếu tố chân chánh: Chánh Kiến, Chánh Tư Duy, Chánh Ngữ, Chánh Nghiệp, Chánh Mạng, Chánh Tinh Tấn, Chánh Niệm, và Chánh Định. Đây là con đường của đạo đức và tỉnh thức -- qua lời nói, ý nghĩ và hành động, và phát triển trí tuệ bằng sự nhận thức rõ ràng về Tứ Diệu Đế và bằng sự tăng trưởng lòng từ bi."
Ngũ giới là gì?,"Đây là năm điều giới luật đạo đức của Phật Giáo. Đó là: không sát hại, không lấy của không cho, không tà dâm, không nói dối, và không dùng các chất say làm lu mờ trí óc."
Nghiệp là gì?,"Nghiệp hay ""nghiệp-quả"" là một định luật cho biết rằng mỗi một nguyên nhân đều tạo ra một hậu quả, có nghĩa là các hành động của ta đều có những hậu quả. Định luật đơn giản này đã giải thích nhiều vấn đề: sự bất công trên thế gian, tại sao có người sinh ra lại có phế tật, có người lại có nhiều tài năng, có người có đời sống rất ngắn ngủi. Nghiệp cho thấy tầm quan trọng về việc tất cả chúng ta phải chịu trách nhiệm về các hành động của chính mình, trong quá khứ và hiện tại. Làm thế nào để thử nghiệm tác động nghiệp quả của các hành động của ta? Câu trả lời được tóm tắt bằng cách hãy nhìn xem 3 điểm chính: (1) ý định đằng sau của mỗi hành động, (2) hậu quả của hành động đó vào chính mình, và (3) hậu quả của hành động đó vào những người khác."
Trí tuệ là gì?,"Trong Phật Giáo, Trí tuệ phải được phát triển cùng với Từ bi. Trong một cực đoan, bạn có thể là một người tốt bụng nhưng khờ dại, và trong một cực đoan khác, bạn có thể có nhiều kiến thức nhưng lại không có tình cảm. Phật Giáo dạy ta nên giữ thật sự cân bằng và trọn vẹn cả hai, phải trau giồi cả trí tuệ lẫn và từ bi. Trí tuệ cao nhất là thấy rõ ràng rằng trên thực tế, mọi hiện tượng đều không hoàn toàn, không thường còn, và không có một thực thể cố định. Trí tuệ thật sự không phải chỉ vì tin vào những gì được dạy, mà phải chứng nghiệm và thông hiểu chân lý và thực tế. Trí tuệ đòi hỏi phải có một tâm ý rộng mở, khách quan, không cố chấp. Con đường của Phật Giáo đòi hỏi phải can đảm, nhẫn nhục, mềm dẻo và thông minh."
Từ bi là gì?,"Từ bi bao gồm các phẩm hạnh của lòng san sẻ, sẵn sàng an ủi người khác, thiện cảm, chăm lo và ưu tư. Trong Phật Giáo, ta chỉ thật sự cảm thông người khác khi nào ta thật sự cảm thông chính mình, qua trí tuệ."
Tôi phải làm thế nào để trở thành một Phật tử?,"Bất cứ ai cũng có thể tìm hiểu và thực nghiệm các lời dạy của Đức Phật. Ngài dạy rằng lời giải đáp cho mọi vấn đề của chúng ta là ở bên trong chúng ta, không phải ở bên ngoài. Ngài nói với các đệ tử không được tin ngay vào lời dạy của Ngài, mà họ phải tự thử nghiệm các lời dạy đó. Như thế, mỗi người tự có quyết định và tự chịu trách nhiệm về các hành động và sự hiểu biết của mình. Điều này cho thấy Phật Giáo không phải là một tập hợp cố định các tín điều cần phải được chấp nhận trọn vẹn. Đây là những lời dạy để mỗi người tự tìm hiểu, học tập và áp dụng theo tình huống riêng của mình.  "
Ðại kinh Bốn mươi,"Như vầy tôi nghe.

Một thời Thế Tôn ở Savatthi (Xá-vệ), Jetavana (Kỳ-đà Lâm), tại tinh xá ông Anathapindika (Cấp Cô Ðộc). Ở đấy, Thế Tôn gọi các Tỷ-kheo: ""Này các Tỷ-kheo"". -- ""Bạch Thế Tôn"". -- ""Này các Tỷ-kheo, Ta sẽ giảng cho các Ông Thánh chánh định cùng với các cận duyên và các tư trợ. Hãy lắng tai nghe và suy nghiệm kỹ, Ta sẽ giảng"". -- ""Thưa vâng, bạch Thế Tôn"". Các vị Tỷ-kheo ấy vâng đáp Thế Tôn. Thế Tôn nói như sau:

-- Này các Tỷ-kheo, thế nào là Thánh chánh định với các cận duyên và các tư trợ? Chính là chánh kiến, chánh tư duy, chánh ngữ, chánh nghiệp, chánh mạng, chánh tinh tấn, chánh niệm. Này các Tỷ-kheo, phàm có nhất tâm nào (ekaggata) được tư trợ với bảy chi phần này, này các Tỷ-kheo, như vậy gọi là Thánh chánh định cùng với các cận duyên và các tư trợ.

(Chánh kiến)

Ở đây, này các Tỷ-kheo, chánh kiến đi hàng đầu. Và như thế nào, này các Tỷ-kheo, là chánh kiến đi hàng đầu? Tuệ tri tà kiến là tà kiến, tuệ tri chánh kiến là chánh kiến. Như vậy là chánh kiến của vị ấy.

Và này các Tỷ-kheo, thế nào là tà kiến? Không có bố thí, không có cúng dường, không có tế tự, không có quả báo các nghiệp thiện ác, không có đời này, không có đời khác, không có mẹ, không có cha, không có các loại hóa sanh; ở đời không có các vị Sa-môn, Bà-la-môn, chánh hướng, chánh hạnh, sau khi với thượng trí tự mình chứng đạt lại tuyên bố lên. Như vậy, này các Tỷ-kheo, là tà kiến.

Và này các Tỷ-kheo, thế nào là chánh kiến? Chánh kiến, này các Tỷ-kheo, Ta nói có hai loại. Này các Tỷ-kheo, có loại chánh kiến hữu lậu, thuộc phước báo, đưa đến quả sanh y (upadhivepakka); có loại chánh kiến, này các Tỷ-kheo, thuộc bậc Thánh, vô lậu, siêu thế, thuộc đạo chi (magganga).

Và này các Tỷ-kheo, thế nào là chánh kiến hữu lậu, thuộc phước báo, đưa đến quả sanh y? Có bố thí, có cúng dường, có tế tự, có quả báo các nghiệp thiện ác, có đời này, có đời khác, có mẹ, có cha, có các loại hóa sanh; ở đời có các vị Sa-môn, Bà-la-môn, chánh hướng, chánh hạnh, sau khi với thượng trí tự mình chứng đạt đời này và đời khác lại tuyên bố lên. Như vậy, này các Tỷ-kheo, là chánh kiến hữu lậu, thuộc phước báo, đưa đến quả sanh y.

Và này các Tỷ-kheo, thế nào là chánh kiến thuộc bậc Thánh, vô lậu, siêu thế, thuộc đạo chi? Phàm cái gì, này các Tỷ-kheo, thuộc trí tuệ, tuệ căn, tuệ lực, trạch pháp giác chi, chánh kiến, đạo chi của một vị tu tập Thánh đạo, thành thục trong Thánh đạo, có vô lậu tâm, có Thánh tâm. Chánh kiến như vậy, này các Tỷ-kheo, thuộc bậc Thánh, vô lậu, siêu thế, thuộc đạo chi.

Ai tinh tấn đoạn trừ tà kiến, thành tựu chánh kiến; như vậy là chánh tinh tấn của vị ấy. Ai chánh niệm đoạn trừ tà kiến, chánh niệm đạt được và an trú chánh kiến; như vậy là chánh niệm của vị ấy. Như vậy ba pháp này chạy theo, chạy vòng theo chánh kiến, tức là chánh kiến, chánh tinh tấn, chánh niệm.

(Chánh tư duy)

Ở đây, này các Tỷ-kheo, chánh kiến đi hàng đầu. Và như thế nào, này các Tỷ-kheo, là chánh kiến đi hàng đầu? Tuệ tri tà tư duy là tà tư duy, tuệ tri chánh tư duy là chánh tư duy, như vậy là chánh kiến của các vị ấy.

Và này các Tỷ-kheo, thế nào là tà tư duy? Dục tư duy, sân tư duy, hại tư duy, này các Tỷ-kheo, như vậy là tà tư duy.

Và này các Tỷ-kheo, thế nào là chánh tư duy? Chánh tư duy, này các Tỷ-kheo, Ta nói có hai loại: có loại chánh tư duy, này các Tỷ-kheo, hữu lậu, thuộc phước báo, đưa đến quả sanh y; có loại chánh tư duy, này các Tỷ-kheo, thuộc bậc Thánh vô lậu, siêu thế, thuộc đạo chi.

Và này các Tỷ-kheo, thế nào là chánh tư duy hữu lậu, thuộc phước báo, đưa đến quả sanh y? Ly dục tư duy, vô sân tư duy, bất hại tư duy, như vậy, này các Tỷ-kheo là chánh tư duy, hữu lậu, thuộc phước báo, đưa đến quả sanh y.

Và này các Tỷ-kheo, thế nào là chánh tư duy, thuộc bậc Thánh, vô lậu, siêu thế, thuộc đạo chi? Phàm cái gì này các Tỷ-kheo thuộc suy tư, tầm cầu, tư duy, một ngữ hành do sự hoàn toàn chú tâm chuyên tâm của một vị tu tập Thánh đạo, thành thục trong Thánh đạo, có vô lậu tâm, có Thánh tâm; chánh tư duy như vậy, này các Tỷ-kheo, thuộc bậc Thánh, vô lậu, siêu thế, thuộc đạo chi.

Ai tinh tấn đoạn trừ tà tư duy, thành tựu chánh tư duy, như vậy là chánh tinh tấn của vị ấy. Ai chánh niệm đoạn trừ tà tư duy, chánh niệm đạt được và an trú chánh tư duy, như vậy là chánh niệm của vị ấy. Như vậy ba pháp này chạy theo, chạy vòng theo chánh tư duy, tức là chánh kiến, chánh tinh tấn, chánh niệm.

(Chánh ngữ)

Ở đây, này các Tỷ-kheo, chánh kiến đi hàng đầu. Và như thế nào, này các Tỷ-kheo, chánh kiến đi hàng đầu? Tuệ tri tà ngữ là tà ngữ, tuệ tri chánh ngữ là chánh ngữ; như vậy là chánh kiến của vị ấy.

Và này các Tỷ-kheo, thế nào là tà ngữ? Vọng ngữ, nói hai lưỡi, ác khẩu, nói lời phù phiếm; như vậy, này các Tỷ-kheo, là tà ngữ.

Và này các Tỷ-kheo, thế nào là chánh ngữ? Chánh ngữ, này các Tỷ-kheo, Ta nói có hai loại: có loại chánh ngữ, này các Tỷ-kheo, hữu lậu, thuộc phước báo, đưa đến quả sanh y; có loại chánh ngữ, này các Tỷ-kheo, thuộc bậc Thánh, vô lậu, siêu thế, thuộc đạo chi.

Và này các Tỷ-kheo, thế nào là chánh ngữ hữu lậu, thuộc phước báo, đưa đến quả sanh y? Viễn ly vọng ngữ, viễn ly nói hai lưỡi, viễn ly ác khẩu, viễn ly phù phiếm ngữ; như vậy, này các Tỷ-kheo, là chánh ngữ hữu lậu thuộc phước báo, đưa đến quả sanh y.

Và này các Tỷ-kheo, thế nào là chánh ngữ thuộc bậc Thánh, vô lậu, siêu thế, thuộc đạo chi? Cái gì, này các Tỷ-kheo, thuộc về từ bỏ, từ đoạn, từ khước, viễn ly bốn ngữ ác hành, đối với một vị tu tập Thánh đạo, thuần thục trong Thánh đạo, có vô lậu tâm, có Hiền Thánh tâm; như vậy, này các Tỷ-kheo là chánh ngữ thuộc bậc Thánh, vô lậu, siêu thế, thuộc đạo chi.

Ai tinh tấn đoạn trừ tà ngữ, thành tựu chánh ngữ; như vậy là chánh tinh tấn của vị ấy. Ai chánh niệm đoạn trừ tà ngữ, chánh niệm đạt được và an trú chánh ngữ; như vậy là chánh niệm của vị ấy. Như vậy, ba pháp này chạy theo, chạy vòng theo chánh ngữ, tức là chánh kiến, chánh tinh tấn, chánh niệm.

(Chánh nghiệp)

Ở đây, này các Tỷ-kheo, chánh kiến đi hàng đầu. Và như thế nào, này các Tỷ-kheo, là chánh kiến đi hàng đầu? Tuệ tri tà nghiệp là tà nghiệp, tuệ tri chánh nghiệp là chánh nghiệp; như vậy là chánh kiến của vị ấy.

Và này các Tỷ-kheo, thế nào là tà nghiệp? Sát sanh, lấy của không cho, tà hạnh trong các dục; như vậy, này các Tỷ-kheo, là tà nghiệp.

Và này các Tỷ-kheo, thế nào là chánh nghiệp? Chánh nghiệp, này các Tỷ-kheo, Ta nói có hai loại: Có loại chánh nghiệp, này các Tỷ-kheo, hữu lậu, thuộc phước báo, đưa đến quả sanh y; có loại chánh nghiệp, này các Tỷ-kheo, thuộc bậc Thánh, vô lậu, siêu thế, thuộc đạo chi.

Và này các Tỷ-kheo, thế nào là chánh nghiệp thuộc hữu lậu thuộc phước báo, đưa đến quả sanh y? Viễn ly sát sanh, viễn ly lấy của không cho, viễn ly tà hạnh trong các dục; như vậy, này các Tỷ-kheo, là chánh nghiệp, thuộc hữu lậu thuộc phước báo, đưa đến quả sanh y.

Và này các Tỷ-kheo, thế nào là chánh nghiệp thuộc bậc Thánh, vô lậu, siêu thế, thuộc đạo chi? Cái gì, này các Tỷ-kheo, thuộc về từ bỏ, từ đoạn, từ khước, viễn ly ba thân ác hành đối với một vị tu tập Thánh đạo, thành thục trong Thánh đạo, có vô lậu tâm, có Hiền Thánh tâm; như vậy, này các Tỷ-kheo, là chánh nghiệp thuộc bậc Thánh, vô lậu, siêu thế, thuộc đạo chi.

Ai tinh tấn đoạn trừ tà nghiệp, thành tựu chánh nghiệp; như vậy là chánh tinh tấn của vị ấy. Ai chánh niệm đoạn trừ tà nghiệp, chánh niệm đạt được và an trú chánh nghiệp; như vậy là chánh niệm của vị ấy. Như vậy ba pháp này chạy theo, chạy vòng theo chánh nghiệp, tức là chánh kiến, chánh tinh tấn, chánh niệm.

(Chánh mạng)

Ở đây, này các Tỷ-kheo, chánh kiến đi hàng đầu. Và như thế nào, này các Tỷ-kheo, là chánh kiến đi hàng đầu? Tuệ tri được tà mạng là tà mạng, tuệ tri được chánh mạng là chánh mạng; như vậy là chánh kiến của vị ấy.

Và này các Tỷ-kheo, thế nào là tà mạng? Lừa đảo, nói lời mê ly, hiện tướng, gian trá, lấy lợi cầu lợi; như vậy, này các Tỷ-kheo, là tà mạng.

Và thế nào, này các Tỷ-kheo, là chánh mạng? Chánh mạng, này các Tỷ-kheo, Ta nói có hai loại: có loại chánh mạng, này các Tỷ-kheo, hữu lậu, thuộc phước báo, đưa đến quả sanh y; có loại chánh mạng, này các Tỷ-kheo, thuộc bậc Thánh, vô lậu, siêu thế, thuộc đạo chi.

Và thế nào, này các Tỷ-kheo là chánh mạng hữu lậu, thuộc phước báo, đưa đến quả sanh y? Ở đây, này các Tỷ-kheo, vị Thánh đệ tử bỏ tà mạng, nuôi sống với chánh mạng; như vậy, này các Tỷ-kheo là chánh mạng hữu lậu, thuộc phước báo, đưa đến quả sanh y.

Và này các Tỷ-kheo, thế nào là chánh mạng thuộc bậc Thánh, vô lậu, siêu thế, thuộc đạo chi? Cái gì, này các Tỷ-kheo thuộc về từ bỏ, từ đoạn, từ khước, viễn ly tà mạng đối với một vị tu tập Thánh đạo, thuần thục trong Thánh đạo. Có vô lậu tâm, có Hiền Thánh tâm; như vậy, này các Tỷ-kheo, là chánh mạng thuộc bậc Thánh, vô lậu, siêu thế, thuộc đạo chi.

Ai tinh tấn đoạn trừ tà mạng, thành tựu chánh mạng; như vậy là chánh tinh tấn của vị ấy. Ai chánh niệm đoạn trừ tà mạng, chánh niệm đạt được và an trú chánh mạng, như vậy là chánh niệm của vị ấy. Như vậy, ba pháp này chạy theo, chạy vòng theo chánh mạng, tức là chánh kiến, chánh tinh tấn, chánh niệm.

(Ðại pháp môn Bốn mươi)

Ở đây, này các Tỷ-kheo chánh kiến đi hàng đầu. Và thế nào, này các Tỷ-kheo, là chánh kiến đi hàng đầu? Chánh tư duy, này các Tỷ-kheo, do chánh kiến, được khởi lên. Chánh ngữ do chánh tư duy được khởi lên. Chánh nghiệp do chánh ngữ được khởi lên. Chánh mạng do chánh nghiệp được khởi lên. Chánh tinh tấn do chánh mạng được khởi lên. Chánh niệm do chánh tinh tấn được khởi lên. Chánh định do chánh niệm được khởi lên. Chánh trí do chánh định được khởi lên. Chánh giải thoát do chánh trí được khởi lên. Như vậy, này các Tỷ-kheo, đạo lộ của vị hữu học gồm có tám chi phần, và đạo lộ của vị A-la-hán gồm có mười chi phần.

Ở đây, này các Tỷ-kheo, chánh kiến đi hàng đầu. Và như thế nào, này các Tỷ-kheo, là chánh kiến đi hàng đầu? Tà kiến, này các Tỷ-kheo, do chánh kiến làm cho tiêu diệt. Và những ác bất thiện pháp được tà kiến duyên khởi, các pháp ấy bị tiêu diệt trong vị có chánh kiến. Và những thiện pháp được chánh kiến duyên khởi, các pháp ấy được tu tập và trở thành viên mãn.

Tà tư duy, này các Tỷ-kheo, do chánh tư duy làm cho tiêu diệt và những ác bất thiện pháp, được tà tư duy duyên khởi, các pháp ấy bị tiêu diệt trong người có chánh tư duy. Và những thiện pháp được chánh tư duy duyên khởi, các pháp ấy được phát triển trở thành viên mãn.

Tà ngữ, này các Tỷ-kheo, do chánh ngữ làm cho tiêu diệt và những ác bất thiện pháp được tà ngữ duyên khởi, các pháp ấy bị tiêu diệt trong người có chánh ngữ. Và những thiện pháp được chánh ngữ duyên khởi, các pháp ấy được tu tập và trở thành viên mãn.

Tà nghiệp, này các Tỷ-kheo, do chánh nghiệp làm cho tiêu diệt, và những ác bất thiện pháp được tà nghiệp duyên khởi, các pháp ấy bị tiêu diệt trong người có chánh nghiệp. Và những thiện pháp được chánh nghiệp duyên khởi, các pháp ấy được tu tập và trở thành viên mãn.

Tà mạng, này các Tỷ-kheo, do chánh mạng làm cho tiêu diệt. Và những ác bất thiện pháp được tà mạng duyên khởi, các pháp ấy được tiêu diệt trong người có chánh mạng. Và những thiện pháp được chánh mạng duyên khởi, các pháp ấy được tu tập và trở thành viên mãn.

Tà tinh tấn, này các Tỷ-kheo, do chánh tinh tấn làm cho tiêu diệt. Và những ác bất thiện pháp được tà tinh tấn duyên khởi, các pháp ấy được tiêu diệt trong người có chánh tinh tấn. Và những thiện pháp được khởi lên do duyên chánh tinh tấn, các pháp ấy được tu tập và trở thành viên mãn.

Tà niệm, này các Tỷ-kheo, do chánh niệm làm cho tiêu diệt. Và những ác bất thiện pháp được tà niệm duyên khởi, các pháp ấy được tiêu diệt trong người có chánh niệm. Và những thiện pháp được chánh niệm duyên khởi, các pháp ấy được tu tập và trở thành viên mãn.

Tà định, này các Tỷ-kheo do chánh định làm cho tiêu diệt. Và những ác bất thiện pháp được tà định duyên khởi, các pháp ấy được tiêu diệt trong người có chánh định. Và những thiện pháp được chánh định duyên khởi, các pháp ấy được tu tập và trở thành viên mãn.

Tà trí, này các Tỷ-kheo, do chánh trí làm cho tiêu diệt. Và những ác bất thiện pháp được tà trí duyên khởi, các pháp ấy được tiêu diệt trong người có chánh trí. Và những thiện pháp được chánh trí duyên khởi, các pháp ấy được phát triển và trở thành viên mãn.

Tà giải thoát, này các Tỷ-kheo, do chánh giải thoát làm cho tiêu diệt. Và những ác bất thiện pháp được tà giải thoát duyên khởi, các pháp ấy được tiêu diệt trong người có chánh giải thoát. Và các thiện pháp được chánh giải thoát duyên khởi, các pháp ấy được phát triển và trở thành viên mãn.

Như vậy, này các Tỷ-kheo, có hai mươi thiện phần, hai mươi bất thiện phần. Ðại pháp môn Bốn mươi đã được chuyển vận không bị chận đứng lại bởi một Sa-môn, Bà-la-môn, Thiên, Ma, Phạm thiên hay một ai ở đời.

Nếu có Sa-môn hay Bà-la-môn nào, này các Tỷ-kheo, nghĩ rằng đại pháp môn Bốn mươi này đáng bị phê bình, đáng bị phỉ báng, thời ngay hiện tại, mười thuận thuyết tùy thuyết hợp pháp được nói lên để chỉ trích người ấy. Nếu Tôn giả chỉ trích chánh kiến, thời các Sa-môn có tà kiến, các Tôn giả ấy là những vị đáng được cúng dường, các Tôn giả ấy là những vị đáng được tán thán. Nếu Tôn giả chỉ trích chánh tư duy, thời các Sa-môn, Bà-la-môn có tà tư duy, các Tôn giả ấy là những vị đáng được cúng dường, các Tôn giả ấy là những vị đáng được tán thán. Nếu Tôn giả chỉ trích chánh ngữ... chánh nghiệp... chánh mạng... chánh tinh tấn... chánh niệm... chánh định... chánh trí... Nếu Tôn giả chỉ trích chánh giải thoát, thời các Sa-môn, Bà-la-môn có tà giải thoát, các Tôn giả ấy là những vị đáng cúng dường, các Tôn giả ấy là những vị đáng được tán thán. Nếu có Sa-môn hay Bà-la-môn nào, này các Tỷ-kheo, nghĩ rằng đại pháp môn Bốn mươi này đáng bị phê bình, đáng bị phỉ báng, thời ngay hiện tại, mười thuận thuyết hợp pháp được nói lên để chỉ trích người ấy.

Này các Tỷ-kheo, cho đến các dân chúng ở Ukkala và dân chúng Vassa, dân chúng Bhanna theo vô nhân luận, theo vô tác luận, theo hư vô luận, những vị ấy cũng không nghĩ rằng đại pháp môn Bốn mươi đáng chỉ trích, đáng bị phỉ báng. Vì sao vậy? Vì sợ quở trách, phẫn nộ, công kích.

Thế Tôn thuyết giảng như vậy. Các vị Tỷ-kheo ấy hoan hỷ tín thọ lời Thế Tôn dạy."
thiền tâm từ,"Người mới tập thiền muốn tu hành tâm từ, trước nên quán về lỗi lầm của sự giận hờn và các công đức của sự nhẫn nhục và tâm nên thọ trì (= nhận giữ mãi) sự nhẫn nhục.
Thế nào là quán các lỗi lầm của sự giận hờn? Nếu lòng người nổi lên giận hờn, sự phẫn hận đó thiêu đốt mất tâm từ, khiến tâm trở nên dơ bẩn, theo đó mà làm cho sắc mặt càng cau có, miệng nói lời thô ác, rồi lại quắc nhìn bốn phương, tay vung đao, gậy. Cơn giận sôi lên cao đến ói máu, đập phá đồ vật, hủy hoại tài sản, rồi đến giết kẻ khác, hoặc là tự sát.
Người toạ thiền hướng đến sự nhẫn nhục, vui làm lợi ích cho mình. Người ấy đi đến nơi yên vắng, tâm chẳng loạn động, bắt đầu khiến ý nghĩ nầy bao trùm khắp toàn thân: ""Tôi lại được vui, tâm tôi vui chẳng nại khổ. Như thế nào là tôi chẳng có kẻ thù, chẳng giận hờn, vui được lià xa các phiền não huyên náo, thành tựu được tất cả các công đức?"" Người ấy chế phục tâm mình, khiến tâm mềm dẽo kham được việc thọ trì. Nếu tâm đã nhu nhuyễn, kham thọ trì được rồi, thì từ đó mới nên khởi tu tâm từ, xem tất cả chúng sanh như chính thân mình.
Nếu người toạ thiền tu hành tâm từ muốn hướng đến tất cả chúng sanh, buổi đầu chẳng nên khởi tâm hướng đến kẻ thù oán, người dưng, bọn ác, những người chẳng có công đức, người đã chết, mà phải nên hướng tâm đến người được mình qúi trọng, người mà mình chẳng hề khinh khi hoặc xem như người dưng kẻ lạ, người đã đem lợi ích lại cho mình, mà mình chẳng hề có ý ganh ghét hay hờn giận. Chính nên hướng tâm về nơi người ấy mà người toạ thiền bắt đầu tu tập tâm từ.
Trước, nên niệm công đức của người ấy, đã tạo lợi ích cho mình, đã khiến mình qúi trọng, như vầy: ""Nơi vị ấy, đã thành tựu đức tánh, danh dự, kiến văn, giới đức, định lực, trí huệ, nên tôi rất qúi trọng. Nơi vị ấy, các việc bố thí, ái ngữ, đồng sự, đều thành tựu, đã làm lợi ích cho bản thân tôi."" Như thế, nhờ khéo niệm chỗ đáng qúi trọng và chỗ đã làm lợi ích cho mình, mà tư tưởng qúi mến, tư tưởng thân hữu khởi lên trong tâm, theo đó người tọa thiền tu hành tâm từ.
Người tu hành từ tâm thường suy xét, thường nguyện chẳng khởi lên thù oán, chẳng giận hờn, nguyện được an lạc, nguyện lià xa tất cả mọi rối loạn, nguyện thành tựu tất cả công đức, nguyện được điều lợi lành, nguyện được khen ngợi, nguyện có niềm tin, nguyện có niềm vui, nguyện giữ giới hạnh được trọn, nguyện có đủ kiến văn, nguyện hành bố thí, nguyện đắc trí huệ, nguyện thức ngủ yên ổn, nguyện chẳng thấy ác mộng, nguyện được người và bực chẳng phải người kính mến, nguyện được chư Thiên bảo hộ, nguyện lửa, dao, gậy, chất độc chẳng hại thân mình, nguyện sớm được định tâm, nguyện gương mặt được vui tươi, nguyện được sanh vào nước phồn thịnh, nguyện được gặp người lành, nguyện thân thể được đầy đủ, nguyện chẳng bịnh tật, nguyện được sống lâu, nguyện hằng được an lạc.
Lại nữa, người toạ thiền nên suy nghĩ như vầy: ""Các pháp chẳng lành còn chưa khởi sanh, nguyện chúng đừng sanh; nếu chúng đã khởi lên, nguyện tiêu diệt chúng. Các pháp lành còn chưa sanh, nguyện chúng khởi sanh, nếu chúng đã sanh, nguyện chúng được thêm lớn"". Lại nữa, đối với các pháp chẳng khả ái, nguyện chẳng sanh ra, nếu đã sanh, nguyện đoạn diệt chúng; còn các pháp khả ái nguyện được sanh ra và tăng trưởng.
Do theo đó mà tâm từ đắc được niềm tin. Người toạ thiền, nhờ vững niềm tin mà giữ gìn tâm niệm được an trú, và khi niệm được an trú thì tâm trở nên chẳng loạn. Biết tâm hiện chẳng loạn, người toạ thiền theo đường lối tu hành nầy mà tu tâm từ ngay trên bản thân mình. Tu xong nhiều lần, người ấy hiện thấy tâm trú chẳng loạn, trở nên nhu nhuyễn (= mềm dịu, dễ uốn nắn), thọ trì tâm theo thứ lớp mà tu tâm từ hướng đến người thân yêu, người dưng, kẻ thù oán, rồi đến tất cả chúng sanh. Như thế, tu xong tâm từ đối với bản thân, liền hướng sang người thân yêu; rồi theo thứ lớp, đến người dưng, đến kẻ oan gia, đều khởi tâm từ. Như thế, hướng về tất cả chúng sanh mà rải tư tưởng từ như trên tự thân mình,trọn chẳng phân biệt.
Nếu tu hành như thế mà nơi người dưng, kẻ lạ, người tu thiền chẳng khởi lên được tâm từ, tạm thời vẫn còn sự chán ghét, thì người toạ thiền ấy nên quán như vầy: ""Tâm tôi hiện có các pháp chẳng lành, chẳng khả ái; tôi muốn được pháp lành, có niềm tin nên mới xuất gia y theo lời dạy của đại sư, cố làm lợi ích cho mọi chúng sanh, cố khởi tâm đại từ bi, mà nay đối với người dưng tôi còn chưa có tâm từ, thì làm sao mà rải tâm từ đến kẻ oan gia được."" Nếu quán như thế mà sự chán ghét, sự hờn giận chẳng chịu diệt mất, thì người toạ thiền tu tâm từ, chẳng nên tinh tấn thêm, mà phải dùng các phương tiện khác giúp người ấy trừ bỏ được sự hờn giận"
